month_date,mean_twsa,median_twsa,std_twsa,min_twsa,max_twsa,observation_count,is_observed,is_missing,year,month,year_month,moving_average_12m,linear_trend
2002-04-01,-6.410036834423173,-13.591580390930176,27.23525776890522,-24.595176696777344,145.43336486816406,1.0,True,False,2002,4,2002-04,,5.266376051139787
2002-05-01,-4.850019055579057,-11.206482887268066,25.03216472069989,-26.616958618164062,138.58013916015625,1.0,True,False,2002,5,2002-05,,5.1989779566215475
2002-06-01,,,,,,,False,True,2002,6,2002-06,19.239159889551562,
2002-07-01,,,,,,,False,True,2002,7,2002-07,19.17803908669187,
2002-08-01,26.65004335358933,22.203996658325195,22.607516261155197,-16.47584342956543,135.80174255371094,1.0,True,False,2002,8,2002-08,17.870088838067783,4.996783673066375
2002-09-01,35.413547778612624,31.15196990966797,20.3240298324124,-12.750738143920898,141.3278045654297,1.0,True,False,2002,9,2002-09,16.386859203148337,4.929385578547908
2002-10-01,34.948083435229734,29.693622589111328,18.797506452703534,-1.0392484664916992,131.32432556152344,1.0,True,False,2002,10,2002-10,14.831262633331693,4.8619874840294415
2002-11-01,29.683340659879914,24.420848846435547,19.821823845877688,7.664595127105713,132.72067260742188,1.0,True,False,2002,11,2002-11,14.900488067835614,4.794589389510975
2002-12-01,18.811314269533725,12.669501304626465,21.986051238220725,3.9036953449249268,133.45513916015625,1.0,True,False,2002,12,2002-12,15.360012581894868,4.7271912949927355
2003-01-01,8.714437097699184,3.5924489498138428,18.60978080806417,-2.79335355758667,115.96793365478516,1.0,True,False,2003,1,2003-01,15.360012581894868,4.659793200474041
2003-02-01,4.521022123792754,-1.9923712015151978,22.47772959415987,-10.065667152404785,133.8066864013672,1.0,True,False,2003,2,2003-02,14.972289919803465,4.592395105955802
2003-03-01,0.8308935049818842,-6.353111267089844,22.52797045851319,-16.9046630859375,133.74609375,1.0,True,False,2003,3,2003-03,14.377040650450265,4.5249970114373355
2003-04-01,-5.717782489383962,-10.739742279052734,19.586381484493227,-21.709938049316406,112.4850082397461,1.0,True,False,2003,4,2003-04,13.573547855457969,4.457598916918869
2003-05-01,-0.2547739149865124,-5.40390157699585,20.43323629867578,-18.16680145263672,120.65331268310547,1.0,True,False,2003,5,2003-05,12.802737114274178,4.3902008224006295
2003-06-01,,,,,,,False,True,2003,6,2003-06,11.920812148246716,
2003-07-01,11.095063298889443,6.108531475067139,20.363001654085167,-15.53014850616455,137.85528564453125,1.0,True,False,2003,7,2003-07,11.277359542157905,4.255404633363696
2003-08-01,20.102301390704127,14.83554458618164,20.116890314986904,-15.147300720214844,119.74669647216797,1.0,True,False,2003,8,2003-08,10.859384627418523,4.188006538845229
2003-09-01,26.575127033697367,24.292526245117188,13.94416533857553,-11.302444458007812,102.67095184326172,1.0,True,False,2003,9,2003-09,10.260512598073573,4.12060844432699
2003-10-01,26.469165282208046,22.661489486694336,15.254410959123076,0.4785197973251343,105.13780212402344,1.0,True,False,2003,10,2003-10,9.407411270723072,4.0532103498085235
2003-11-01,19.982166033577816,12.51918888092041,23.672577905329558,4.568724632263184,138.7315216064453,1.0,True,False,2003,11,2003-11,9.158193187954765,3.985812255290057
2003-12-01,11.73333560255681,4.10147762298584,25.757906722646243,-7.487562656402588,147.65980529785156,1.0,True,False,2003,12,2003-12,8.60026408933297,3.9184141607718175
2004-01-01,4.116713035565986,-2.29307222366333,28.21958448001846,-17.50659942626953,172.4235382080078,1.0,True,False,2004,1,2004-01,8.642765508396115,3.8510160662531234
2004-02-01,-2.066570199001715,-9.25972843170166,22.955431185950914,-22.101823806762695,125.87474822998047,1.0,True,False,2004,2,2004-02,9.075477890854495,3.783617971734884
2004-03-01,-8.553221095873612,-13.018884658813477,19.292038966488647,-28.413917541503906,104.47491455078125,1.0,True,False,2004,3,2004-03,9.789499203174465,3.7162198772164174
2004-04-01,-8.459181399835346,-14.320903778076172,23.158685429339805,-29.816835403442383,117.47344970703125,1.0,True,False,2004,4,2004-04,10.232197514554558,3.6488217826979508
2004-05-01,-6.391993999826235,-11.087874412536621,22.57457567314038,-28.3997802734375,121.57179260253906,1.0,True,False,2004,5,2004-05,10.201726165553398,3.5814236881797115
2004-06-01,9.110281118090695,4.128327369689941,22.96216663632696,-20.020816802978516,150.93540954589844,1.0,True,False,2004,6,2004-06,9.608394420517945,3.514025593661245
2004-07-01,16.28761188839003,13.334525108337402,18.361437798265865,-13.729323387145996,128.63511657714844,1.0,True,False,2004,7,2004-07,8.96326719825118,3.446627499142778
2004-08-01,28.670557138543742,24.98284912109375,21.207088570237975,-17.194520950317383,127.25081634521484,1.0,True,False,2004,8,2004-08,7.702335797948425,3.3792294046243114
2004-09-01,31.887506770258486,30.643138885498047,16.02840572762085,-4.553197383880615,113.55418395996094,1.0,True,False,2004,9,2004-09,6.65477413529673,3.311831310106072
2004-10-01,26.103509094194116,20.106597900390625,21.20012036837205,8.206337928771973,138.60548400878906,1.0,True,False,2004,10,2004-10,5.8530582835103955,3.2444332155876054
2004-11-01,12.862185093152368,7.176023483276367,21.258642744744677,2.160862445831299,136.3915252685547,1.0,True,False,2004,11,2004-11,4.848670386173975,3.1770351210691388
2004-12-01,3.991808935355627,-1.125720739364624,16.245703882679997,-4.290018558502197,90.33236694335938,1.0,True,False,2004,12,2004-12,3.5160688981636223,3.1096370265508995
2005-01-01,-11.014463768067046,-14.16435718536377,8.32320397449136,-20.264476776123047,16.633991241455078,1.0,True,False,2005,1,2005-01,1.5802661837828895,3.0422389320322054
2005-02-01,-14.637310150822062,-18.165300369262695,10.222145156681803,-25.305009841918945,25.98194122314453,1.0,True,False,2005,2,2005-02,-0.34878010665899034,2.974840837513966
2005-03-01,-18.173811317309628,-22.625375747680664,11.029394911711774,-26.048471450805664,22.073762893676758,1.0,True,False,2005,3,2005-03,-2.0579632786147517,2.9074427429954994
2005-04-01,-20.511836167872385,-22.717121124267578,8.955326552630666,-32.497703552246094,6.590739727020264,1.0,True,False,2005,4,2005-04,-3.378266532887654,2.8400446484770328
2005-05-01,-22.383211855950474,-22.958126068115234,5.963120410900047,-34.907630920410156,1.8371461629867554,1.0,True,False,2005,5,2005-05,-4.1777465806032215,2.772646553958566
2005-06-01,-14.119351454478096,-14.489555358886719,4.5820687684610775,-27.348989486694336,3.870152235031128,1.0,True,False,2005,6,2005-06,-4.142496311909969,2.7052484594403268
2005-07-01,-6.860943596912534,-6.958592891693115,4.019826084727894,-25.402286529541016,6.829782485961914,1.0,True,False,2005,7,2005-07,-4.041472555274074,2.63785036492186
2005-08-01,8.160359075074602,8.385575294494629,6.945143120522831,-15.52196216583252,38.67583465576172,1.0,True,False,2005,8,2005-08,-3.2324532867221496,2.5704522704033934
2005-09-01,16.043867718983662,18.541975021362305,7.2620135382125195,-12.217428207397461,33.20643615722656,1.0,True,False,2005,9,2005-09,-2.7472692464475617,2.503054175885154
2005-10-01,16.5097485216073,16.461130142211914,5.216236341575411,-1.9737411737442017,39.26762771606445,1.0,True,False,2005,10,2005-10,-2.256983254770436,2.43565608136646
2005-11-01,13.285188317471405,12.835749626159668,4.174852669580151,4.67996883392334,37.206809997558594,1.0,True,False,2005,11,2005-11,-1.8087725762533189,2.3682579868482208
2005-12-01,5.204094014986379,3.1605286598205566,6.253713461723089,-0.14449886977672577,42.69990158081055,1.0,True,False,2005,12,2005-12,-0.8447630353223606,2.300859892329754
2006-01-01,-1.3062325454439683,-4.4214935302734375,10.12594932306307,-9.4946928024292,45.13835525512695,1.0,True,False,2006,1,2006-01,-0.02702040142622623,2.2334617978112874
2006-02-01,-8.815101667527006,-11.493253707885742,8.038926796322132,-19.900672912597656,23.513254165649414,1.0,True,False,2006,2,2006-02,0.911522980056124,2.166063703293048
2006-03-01,-12.29037941718412,-15.485869407653809,9.68940905260656,-22.908212661743164,40.108253479003906,1.0,True,False,2006,3,2006-03,1.5355880925566012,2.0986656087745814
2006-04-01,-15.133308025666981,-17.42066764831543,6.948923894018749,-24.627037048339844,17.668027877807617,1.0,True,False,2006,4,2006-04,1.878416898659941,2.0312675142561147
2006-05-01,-10.815097364778975,-11.385406494140625,4.845337966857385,-19.86117935180664,5.666368007659912,1.0,True,False,2006,5,2006-05,2.6556784387422563,1.963869419737648
2006-06-01,-4.306439847724483,-3.5734729766845703,4.716459507944611,-20.99951171875,9.261984825134277,1.0,True,False,2006,6,2006-06,2.584804471337579,1.8964713252194088
2006-07-01,4.401576980875667,3.0837464332580566,7.628807456264899,-18.48717498779297,35.858154296875,1.0,True,False,2006,7,2006-07,2.4596969594469864,1.829073230700942
2006-08-01,15.64914042508033,17.922164916992188,7.5701822745580705,-16.017271041870117,39.942405700683594,1.0,True,False,2006,8,2006-08,2.0362182287861255,1.7616751361824754
2006-09-01,20.15781339222374,23.68596839904785,9.81240593693056,-8.021197319030762,37.04542541503906,1.0,True,False,2006,9,2006-09,1.6827694506522188,1.694277041664236
2006-10-01,25.83688700259508,27.834659576416016,8.43463576039792,0.6786854863166809,45.655853271484375,1.0,True,False,2006,10,2006-10,1.4645833748831525,1.626878947145542
2006-11-01,12.43470070861528,13.497193336486816,6.752663805686019,-22.706348419189453,24.25507926940918,1.0,True,False,2006,11,2006-11,1.4065211061228773,1.5594808526273027
2006-12-01,3.7028038722992633,4.047828197479248,5.344499145738829,-22.355440139770508,25.08089256286621,1.0,True,False,2006,12,2006-12,1.3822363486827534,1.492082758108836
2007-01-01,-6.3879773133743,-6.5703864097595215,5.633311405604054,-24.999004364013672,27.054275512695312,1.0,True,False,2007,1,2007-01,1.2492560489762272,1.4246846635903694
2007-02-01,-13.056487005133878,-12.52139949798584,6.641774808613944,-42.17546463012695,6.7273077964782715,1.0,True,False,2007,2,2007-02,0.810008819711436,1.3572865690719027
2007-03-01,-14.908612326412918,-16.807979583740234,6.123647163782688,-24.522397994995117,14.294753074645996,1.0,True,False,2007,3,2007-03,-0.11957243330564597,1.2898884745536634
2007-04-01,-15.830055250790288,-18.34864616394043,6.631752865004757,-25.106340408325195,6.549332618713379,1.0,True,False,2007,4,2007-04,-0.7987222182674504,1.2224903800351967
2007-05-01,-11.106514454060456,-10.665614128112793,3.108499532582317,-19.358280181884766,3.7129411697387695,1.0,True,False,2007,5,2007-05,-1.487178699787772,1.15509228551673
2007-06-01,-5.902203444202798,-4.586993217468262,5.356892475860771,-35.00845718383789,-0.8146082758903503,1.0,True,False,2007,6,2007-06,-1.5591959833831053,1.0876941909984907
2007-07-01,-0.8693897703018272,-0.6277843713760376,7.197057133126437,-27.425132751464844,14.228473663330078,1.0,True,False,2007,7,2007-07,-2.0904624399437495,1.0202960964797967
2007-08-01,4.494165388875346,5.525032043457031,10.600488903348056,-45.67922592163086,23.62200927734375,1.0,True,False,2007,8,2007-08,-2.3056060715645432,0.9528980019615574
2007-09-01,12.008015972682088,14.811644554138184,13.74712620705932,-53.994544982910156,27.52927589416504,1.0,True,False,2007,9,2007-09,-2.475342260382519,0.8854999074430907
2007-10-01,17.57540922435122,22.491619110107422,14.698486345284085,-43.58391189575195,34.0152702331543,1.0,True,False,2007,10,2007-10,-2.6580224579206435,0.818101812924624
2007-11-01,11.570493305471285,11.778692245483398,5.562358995800311,-19.258697509765625,23.71674919128418,1.0,True,False,2007,11,2007-11,-2.7405214970333893,0.7507037184063847
2007-12-01,-2.672393606428472,-0.9321852326393127,11.071189427519915,-62.16044616699219,22.13576316833496,1.0,True,False,2007,12,2007-12,-2.544320633262935,0.683305623887918
2008-01-01,-8.969700892823822,-8.345803260803223,7.497633493288007,-49.70464324951172,17.16592025756836,1.0,True,False,2008,1,2008-01,-2.267592869973052,0.6159075293694514
2008-02-01,-15.09332127094959,-12.387262344360352,13.751146942684718,-90.7796859741211,23.902891159057617,1.0,True,False,2008,2,2008-02,-1.8586866186264122,0.5485094348509847
2008-03-01,-17.10077469687041,-16.991409301757812,9.151597717836887,-70.85760498046875,10.995865821838379,1.0,True,False,2008,3,2008-03,-1.5256572243947584,0.4811113403327454
2008-04-01,-16.820043720143232,-17.25652503967285,4.496999671060215,-32.553096771240234,1.7945183515548706,1.0,True,False,2008,4,2008-04,-1.478884355359595,0.4137132458142787
2008-05-01,-8.752104088815008,-8.121870994567871,3.640027928434108,-20.09050941467285,1.9633599519729614,1.0,True,False,2008,5,2008-05,-1.7208326517649664,0.34631515129581203
2008-06-01,-2.581470284724201,-0.7948962450027466,9.346602207023812,-48.26691818237305,7.101406574249268,1.0,True,False,2008,6,2008-06,-1.7621048256364915,0.2789170567775727
2008-07-01,4.037485245857846,6.745503902435303,11.356568037157217,-54.38103485107422,16.176633834838867,1.0,True,False,2008,7,2008-07,-1.5932905634795977,0.21151896225887867
2008-08-01,8.490518119655194,11.793590545654297,16.523320204916637,-62.123207092285156,26.234771728515625,1.0,True,False,2008,8,2008-08,-1.5629464561659692,0.14412086774063937
2008-09-01,12.569290401104045,18.433382034301758,19.54667459012175,-85.1217041015625,28.566925048828125,1.0,True,False,2008,9,2008-09,-1.5077123593330544,0.07672277322217269
2008-10-01,14.672029667486761,19.902034759521484,14.286044234136067,-49.788177490234375,29.476272583007812,1.0,True,False,2008,10,2008-10,-1.5593708869989904,0.009324678703706013
2008-11-01,11.075227219012987,16.399290084838867,16.264259252124553,-59.07304382324219,25.365358352661133,1.0,True,False,2008,11,2008-11,-1.4617361391517587,-0.05807341581453329
2008-12-01,-0.6466224605457482,3.0583114624023438,14.845702590549749,-84.10404205322266,24.666828155517578,1.0,True,False,2008,12,2008-12,-2.018071859797352,-0.12547151033299997
2009-01-01,-8.605571605060277,-5.005863189697266,17.11755493445422,-108.93928527832031,26.531118392944336,1.0,True,False,2009,1,2009-01,-2.2225860449037564,-0.19286960485146665
2009-02-01,-14.430512108954611,-12.530679702758789,9.338161663507547,-68.02889251708984,4.112048625946045,1.0,True,False,2009,2,2009-02,-2.544037099068223,-0.2602676993699333
2009-03-01,-17.720677028861648,-17.220958709716797,7.644075706946683,-57.66628646850586,2.2690539360046387,1.0,True,False,2009,3,2009-03,-2.9087189977801704,-0.32766579388817263
2009-04-01,-15.64842674597645,-15.516311645507812,4.108357252622502,-30.238378524780273,-4.055978298187256,1.0,True,False,2009,4,2009-04,-3.068495761237866,-0.3950638884068667
2009-05-01,-15.42813273656213,-13.292909622192383,9.96063013263639,-70.9698715209961,-3.344510793685913,1.0,True,False,2009,5,2009-05,-3.064218797165679,-0.462461982925106
2009-06-01,-5.035640506001052,-2.4933104515075684,7.39389814085648,-43.486167907714844,0.8151482939720154,1.0,True,False,2009,6,2009-06,-3.5183555566469003,-0.5298600774435727
2009-07-01,0.18007259588424446,3.8102686405181885,12.078387478462972,-61.80582809448242,11.109275817871094,1.0,True,False,2009,7,2009-07,-3.6977385907890827,-0.5972581719620393
2009-08-01,4.114335335111825,8.0706148147583,14.419189942381305,-61.670204162597656,20.117685317993164,1.0,True,False,2009,8,2009-08,-3.715954594299722,-0.6646562664802786
2009-09-01,10.651969239611702,14.01768970489502,9.984360069500942,-24.835041046142578,29.526824951171875,1.0,True,False,2009,9,2009-09,-3.703446941136652,-0.7320543609987453
2009-10-01,14.723353236353,17.374130249023438,13.038829113440665,-40.62523651123047,39.43724822998047,1.0,True,False,2009,10,2009-10,-3.7808757036874034,-0.799452455517212
2009-11-01,5.625586105238339,7.778532981872559,12.104675907692146,-55.13287353515625,26.11957550048828,1.0,True,False,2009,11,2009-11,-4.521432447691527,-0.8668505500356787
2009-12-01,-2.7992188702519396,-1.4300440549850464,9.123464364029047,-51.49580001831055,17.76227569580078,1.0,True,False,2009,12,2009-12,-5.1677382389237145,-0.934248644553918
2010-01-01,-8.824163647187946,-8.469232559204102,5.7740371518895826,-35.655582427978516,13.880131721496582,1.0,True,False,2010,1,2010-01,-6.5754888748527245,-1.0016467390723847
2010-02-01,-14.280420270997778,-14.265229225158691,4.950899593620254,-29.349990844726562,2.8097753524780273,1.0,True,False,2010,2,2010-02,-7.791570480285302,-1.0690448335908513
2010-03-01,-18.649822179470668,-19.834152221679688,4.758368915956538,-27.800048828125,4.885127067565918,1.0,True,False,2010,3,2010-03,-8.188616398567836,-1.1364429281090906
2010-04-01,-24.535107674025937,-23.872119903564453,10.26484219560322,-78.54674530029297,-0.8489522933959961,1.0,True,False,2010,4,2010-04,-8.43049058219525,-1.2038410226277847
2010-05-01,-23.183802231348373,-22.931127548217773,8.196382402771764,-65.68759155273438,-3.2870004177093506,1.0,True,False,2010,5,2010-05,-8.433644016553659,-1.271239117146024
2010-06-01,-21.928648137149175,-20.826967239379883,9.569563209098906,-71.78242492675781,-1.9715237617492676,1.0,True,False,2010,6,2010-06,-8.20819241250427,-1.3386372116644907
2010-07-01,-14.412906669306686,-13.535172462463379,8.965777479846471,-66.28482055664062,3.0574820041656494,1.0,True,False,2010,7,2010-07,-8.146783896442457,-1.4060353061829574
2010-08-01,-0.6502156842785702,2.66629958152771,11.31243808208941,-50.5968132019043,16.284788131713867,1.0,True,False,2010,8,2010-08,-8.085203919101959,-1.4734334007011967
2010-09-01,7.749479036082752,13.847021102905273,22.05888540530901,-101.2930908203125,22.848342895507812,1.0,True,False,2010,9,2010-09,-8.183604842044756,-1.5408314952196633
2010-10-01,14.685512024052064,22.043498992919922,18.3627070845707,-71.4100341796875,27.43931007385254,1.0,True,False,2010,10,2010-10,-8.069436582500561,-1.60822958973813
2010-11-01,8.331005353831003,10.325098991394043,10.560362234881557,-59.881813049316406,22.978015899658203,1.0,True,False,2010,11,2010-11,-7.425522156887038,-1.6756276842565967
2010-12-01,-2.0623166775101778,0.3968643546104431,10.13555053708512,-53.31977081298828,18.49543571472168,1.0,True,False,2010,12,2010-12,-6.31482834084683,-1.743025778774836
2011-01-01,,,,,,,False,True,2011,1,2011-01,-4.753446361216595,
2011-02-01,-15.362830423368559,-13.92186450958252,11.640499840853073,-83.86827850341797,10.340697288513184,1.0,True,False,2011,2,2011-02,-2.6845265436286776,-1.8778219678117694
2011-03-01,-17.393971324484532,-16.726783752441406,9.750493845872176,-67.43736267089844,19.53257942199707,1.0,True,False,2011,3,2011-03,-0.8029011521278168,-1.945220062330236
2011-04-01,-17.452048992277184,-16.945894241333008,9.518269896452558,-76.8309326171875,6.616517543792725,1.0,True,False,2011,4,2011-04,1.3291463591643597,-2.0126181568487027
2011-05-01,-10.966170254906077,-10.724600791931152,7.056597322709503,-42.492591857910156,0.5162941217422485,1.0,True,False,2011,5,2011-05,2.32564681507701,-2.080016251366942
2011-06-01,,,,,,,False,True,2011,6,2011-06,1.6583847552154554,
2011-07-01,6.276291506572501,8.484029769897461,14.963563989950615,-48.12666702270508,22.316926956176758,1.0,True,False,2011,7,2011-07,1.6167241295889174,-2.2148124404038754
2011-08-01,18.166038230730035,24.408123016357422,22.326297885861994,-70.09976959228516,42.51777648925781,1.0,True,False,2011,8,2011-08,0.9888631677271214,-2.282210534922342
2011-09-01,29.06995414900452,32.979034423828125,21.350533339405438,-49.29008102416992,57.762760162353516,1.0,True,False,2011,9,2011-09,1.442133717965362,-2.3496086294405814
2011-10-01,24.650516583178565,31.620309829711914,20.64431655924514,-54.943580627441406,52.06008529663086,2.0,True,False,2011,10,2011-10,1.889811838259476,-2.417006723959048
2011-11-01,,,,,,,False,True,2011,11,2011-11,2.298851287118315,
2011-12-01,-2.43726230814902,3.8717539310455322,22.58165519849255,-115.67474365234375,34.22932815551758,1.0,True,False,2011,12,2011-12,3.772742569565469,-2.551802912995754
2012-01-01,-4.661885489029042,-1.6230584383010864,15.59643724183327,-101.48909759521484,18.149606704711914,1.0,True,False,2012,1,2012-01,2.838418103665297,-2.619201007514448
2012-02-01,-10.830124920986151,-9.328102111816406,11.49594258667732,-83.24825286865234,9.471257209777832,1.0,True,False,2012,2,2012-02,2.2950872806878024,-2.6865991020326874
2012-03-01,-12.91719012154339,-13.108372688293457,8.16864811509117,-56.19781494140625,7.3756608963012695,1.0,True,False,2012,3,2012-03,1.179677938075276,-2.753997196551154
2012-04-01,-13.361654503688799,-13.361908912658691,10.168737856122076,-73.01403045654297,9.720355033874512,1.0,True,False,2012,4,2012-04,-0.4766653145969382,-2.8213952910696207
2012-05-01,,,,,,,False,True,2012,5,2012-05,-3.268574414349772,
2012-06-01,-5.570502089436251,-4.521697998046875,6.595427706664824,-28.362125396728516,6.162798881530762,1.0,True,False,2012,6,2012-06,-2.3227694444633293,-2.9561914801063267
2012-07-01,0.8429832767975529,2.802734375,12.406166343254746,-67.51099395751953,12.942021369934082,1.0,True,False,2012,7,2012-07,-2.230839320809705,-3.0235895746247934
2012-08-01,7.011944804604767,9.282989501953125,14.911786871997544,-60.4212532043457,25.617557525634766,1.0,True,False,2012,8,2012-08,-2.583515885889303,-3.09098766914326
2012-09-01,12.50652162228238,15.79966926574707,17.84538866017891,-59.715736389160156,31.922163009643555,1.0,True,False,2012,9,2012-09,-2.7613281198792072,-3.1583857636614994
2012-10-01,,,,,,,False,True,2012,10,2012-10,-1.632899008583187,
2012-11-01,6.189475284514655,8.461496353149414,10.641525133141643,-51.194480895996094,16.412704467773438,1.0,True,False,2012,11,2012-11,-2.181527066078802,-3.2931819526984327
2012-12-01,-1.5179610716127798,0.9636000990867615,10.825776400543097,-65.34233856201172,20.971406936645508,1.0,True,False,2012,12,2012-12,-3.7858334695753215,-3.360580047216672
2013-01-01,-8.188651139825021,-6.1309733390808105,12.352181747401092,-80.70535278320312,24.395727157592773,1.0,True,False,2013,1,2013-01,-4.463385414968037,-3.427978141735366
2013-02-01,-12.608247260885197,-10.95463752746582,7.695889287594503,-46.49272918701172,18.074644088745117,1.0,True,False,2013,2,2013-02,-4.766666151999391,-3.4953762362536054
2013-03-01,,,,,,,False,True,2013,3,2013-03,-6.075400702733186,
2013-04-01,-18.299307021149332,-19.103960037231445,6.104353782071153,-46.42194366455078,1.6750850677490234,1.0,True,False,2013,4,2013-04,-8.398140993360132,-3.6301724252905387
2013-05-01,-18.224591101043995,-18.080535888671875,7.680650299126086,-55.431278228759766,15.522907257080078,1.0,True,False,2013,5,2013-05,-5.347166088972947,-3.6975705198090054
2013-06-01,-12.346021543363413,-11.384364128112793,4.643719234451705,-27.352907180786133,6.75044059753418,1.0,True,False,2013,6,2013-06,-4.999527549770966,-3.7649686143272447
2013-07-01,-2.189824093515983,-0.6115082502365112,6.627274820849604,-30.71596908569336,7.6263275146484375,1.0,True,False,2013,7,2013-07,-4.521021563288414,-3.8323667088457114
2013-08-01,,,,,,,False,True,2013,8,2013-08,-4.1386304094879485,
2013-09-01,,,,,,,False,True,2013,9,2013-09,-3.0799283030632925,
2013-10-01,19.060633146124534,22.689483642578125,13.614076010874099,-33.462921142578125,40.39299774169922,1.0,True,False,2013,10,2013-10,-4.56222939593704,-4.034560992401111
2013-11-01,9.31822213733248,13.761293411254883,17.449107361720756,-78.23484802246094,26.672773361206055,1.0,True,False,2013,11,2013-11,-4.876154704392914,-4.101959086919351
2013-12-01,2.7885928067301875,7.231354236602783,15.989781259625447,-77.37403869628906,29.45496940612793,1.0,True,False,2013,12,2013-12,-4.667810329958055,-4.169357181437817
2014-01-01,-4.747130755620824,-0.9328048825263977,14.65775894175199,-71.69478607177734,21.101104736328125,1.0,True,False,2014,1,2014-01,-5.004963254106496,-4.236755275956284
2014-02-01,,,,,,,False,True,2014,2,2014-02,-5.356855649180311,
2014-03-01,-16.420638138927014,-15.467123031616211,8.52347652171938,-61.78113555908203,6.595458030700684,1.0,True,False,2014,3,2014-03,-4.510605520185866,-4.37155146499299
2014-04-01,-21.12463479725221,-20.13873863220215,10.080987572091022,-79.35074615478516,-4.610563278198242,1.0,True,False,2014,4,2014-04,-3.033198284591762,-4.438949559511457
2014-05-01,-16.349491731130264,-14.888978958129883,8.047464168331178,-65.99800109863281,2.044008255004883,1.0,True,False,2014,5,2014-05,-3.7115059737595906,-4.506347654029923
2014-06-01,-15.380397860699382,-12.529277801513672,10.252663485816857,-73.96957397460938,4.504019260406494,1.0,True,False,2014,6,2014-06,-4.192093206230448,-4.573745748548163
2014-07-01,,,,,,,False,True,2014,7,2014-07,-4.967724985448296,
2014-08-01,2.2593955117696964,5.412083625793457,13.155341403012171,-59.412620544433594,18.370529174804688,1.0,True,False,2014,8,2014-08,-5.090083644417037,-4.708541937585096
2014-09-01,10.263466835755171,12.460400581359863,16.767286922115574,-85.96400451660156,28.88338851928711,1.0,True,False,2014,9,2014-09,-5.860988179045457,-4.775940032103335
2014-10-01,12.277556254446248,14.429770469665527,12.630454753371321,-59.84679412841797,27.177860260009766,1.0,True,False,2014,10,2014-10,-5.945186735256207,-4.8433381266220294
2014-11-01,4.512349812623906,6.838861465454102,10.13449070469792,-41.379127502441406,18.15218162536621,1.0,True,False,2014,11,2014-11,-6.049090224689943,-4.910736221140269
2014-12-01,,,,,,,False,True,2014,12,2014-12,-4.904601168418795,
2015-01-01,-5.848358686339493,-6.499238014221191,6.3048942250757785,-24.078306198120117,19.740493774414062,1.0,True,False,2015,1,2015-01,-3.5951265818837217,-5.045532410177202
2015-02-01,-12.799128990701242,-12.097832679748535,9.376541084192368,-61.041358947753906,13.325553894042969,1.0,True,False,2015,2,2015-02,-4.232279852636489,-5.112930504695669
2015-03-01,-17.262623701034506,-17.37691879272461,5.240223837992074,-35.163246154785156,2.539010763168335,1.0,True,False,2015,3,2015-03,-4.571760117013309,-5.180328599213908
2015-04-01,-22.163669691589565,-20.934176445007324,7.3064257289160555,-52.18760681152344,1.5052735805511475,2.0,True,False,2015,4,2015-04,-5.512027550616319,-5.247726693732375
2015-05-01,,,,,,,False,True,2015,5,2015-05,-7.73572552624914,
2015-06-01,,,,,,,False,True,2015,6,2015-06,-9.485450574659575,
2015-07-01,-9.329506018658623,-9.211034774780273,8.576540195854996,-45.0483283996582,8.581488609313965,1.0,True,False,2015,7,2015-07,-9.74874287240166,-5.449920977287775
2015-08-01,-0.7959268676216799,0.6482422351837158,13.37020170302472,-51.4992790222168,20.848331451416016,1.0,True,False,2015,8,2015-08,-10.570655510374722,-5.517319071806014
2015-09-01,1.8010599333280766,3.0355775356292725,14.257890319984975,-64.33158111572266,23.750551223754883,1.0,True,False,2015,9,2015-09,-11.006224402638278,-5.584717166324481
2015-10-01,,,,,,,False,True,2015,10,2015-10,-11.856484876692903,
2015-11-01,,,,,,,False,True,2015,11,2015-11,-10.384029903136238,
2015-12-01,-11.591788956596261,-10.33626937866211,11.265877289118922,-60.63466262817383,21.127567291259766,1.0,True,False,2015,12,2015-12,-12.62273569434528,-5.7869114498796534
2016-01-01,-12.423659790123985,-12.15520191192627,7.06410911359288,-31.80685806274414,12.923189163208008,1.0,True,False,2016,1,2016-01,-13.767951267378916,-5.85430954439812
2016-02-01,-16.283680128809685,-16.156469345092773,9.904073297704555,-61.53168869018555,25.901866912841797,1.0,True,False,2016,2,2016-02,-13.526009473299137,-5.921707638916587
2016-03-01,-24.064707493471513,-24.635765075683594,7.71341163791733,-48.843475341796875,6.269218921661377,1.0,True,False,2016,3,2016-03,-13.537245876425201,-5.989105733434826
2016-04-01,,,,,,,False,True,2016,4,2016-04,-15.454534102644361,
2016-05-01,-28.29367623280858,-27.32389259338379,13.69933839634905,-89.33149719238281,12.575447082519531,1.0,True,False,2016,5,2016-05,-15.454534102644361,-6.1239019224717595
2016-06-01,-22.929675851648003,-20.814138412475586,14.355137948851896,-92.44373321533203,15.431797981262207,1.0,True,False,2016,6,2016-06,-12.768831093883803,-6.191300016989999
2016-07-01,-7.152029871940613,-5.033382892608643,12.882507812326175,-76.85819244384766,15.258086204528809,1.0,True,False,2016,7,2016-07,-11.831079694817884,-6.258698111508693
2016-08-01,-0.897054495756257,2.093632936477661,12.625253841676885,-55.28373336791992,20.321828842163086,1.0,True,False,2016,8,2016-08,-10.919655841967934,-6.326096206026932
2016-09-01,,,,,,,False,True,2016,9,2016-09,-10.249152806112715,
2016-10-01,,,,,,,False,True,2016,10,2016-10,-8.89275805038455,
2016-11-01,8.716792976200667,11.54454231262207,8.54861477207916,-31.949811935424805,18.348079681396484,1.0,True,False,2016,11,2016-11,-10.024311719138169,-6.528290489582105
2016-12-01,-3.1520263650030027,-1.3719730377197266,10.226719081950513,-54.729000091552734,17.08808708190918,1.0,True,False,2016,12,2016-12,-8.942952203958011,-6.5956885841005715
2017-01-01,-4.2208451144744314,-4.763230800628662,4.716982791806218,-10.454133987426758,17.712268829345703,1.0,True,False,2017,1,2017-01,-6.9096329466540185,-6.663086678619038
2017-02-01,,,,,,,False,True,2017,2,2017-02,-6.8793333309931946,
2017-03-01,-13.213549447646189,-15.525033950805664,8.680480713335267,-22.326095581054688,29.497066497802734,1.0,True,False,2017,3,2017-03,-7.7339445931699,-6.797882867655744
2017-04-01,-19.07674106916712,-18.9537353515625,5.446501176634117,-34.02769470214844,-2.1924667358398438,1.0,True,False,2017,4,2017-04,-7.7339445931699,-6.865280962174438
2017-05-01,-18.56144059618717,-18.576236724853516,8.639047412137097,-57.298439025878906,9.978442192077637,1.0,True,False,2017,5,2017-05,-7.7339445931699,-6.9326790566926775
2017-06-01,-4.629802535912062,-4.90420389175415,5.075292066742895,-21.819185256958008,14.238780975341797,1.0,True,False,2017,6,2017-06,-10.475734188064994,-7.000077151211144
2017-07-01,,,,,,,False,True,2017,7,2017-07,,
2017-08-01,,,,,,,False,True,2017,8,2017-08,,
2017-09-01,,,,,,,False,True,2017,9,2017-09,,
2017-10-01,,,,,,,False,True,2017,10,2017-10,,
2017-11-01,,,,,,,False,True,2017,11,2017-11,,
2017-12-01,,,,,,,False,True,2017,12,2017-12,,
2018-01-01,,,,,,,False,True,2018,1,2018-01,,
2018-02-01,,,,,,,False,True,2018,2,2018-02,,
2018-03-01,,,,,,,False,True,2018,3,2018-03,,
2018-04-01,,,,,,,False,True,2018,4,2018-04,,
2018-05-01,,,,,,,False,True,2018,5,2018-05,,
2018-06-01,-2.3388197480845125,-0.21832960844039917,7.587796241577552,-40.33272933959961,7.431628704071045,1.0,True,False,2018,6,2018-06,,-7.808854285432062
2018-07-01,2.886188003362605,5.4282307624816895,8.408489341831809,-24.54108238220215,14.091015815734863,1.0,True,False,2018,7,2018-07,,-7.876252379950529
2018-08-01,,,,,,,False,True,2018,8,2018-08,1.320063345812647,
2018-09-01,,,,,,,False,True,2018,9,2018-09,-1.009188984806271,
2018-10-01,13.059525573262258,15.965071678161621,12.5481734543955,-42.758506774902344,31.308000564575195,1.0,True,False,2018,10,2018-10,-3.073202745830599,-8.078446663505702
2018-11-01,6.304191480001216,7.518560409545898,9.641308189652047,-34.476409912109375,22.168058395385742,1.0,True,False,2018,11,2018-11,-5.325840969526402,-8.145844758024168
2018-12-01,-1.7977157127322405,0.295343816280365,11.485902785407848,-66.19117736816406,16.153573989868164,1.0,True,False,2018,12,2018-12,-6.936895952142462,-8.213242852542407
2019-01-01,-10.192989520933452,-8.516392707824707,13.679433043274688,-87.16549682617188,23.58422088623047,1.0,True,False,2019,1,2019-01,-8.760641815278316,-8.280640947061102
2019-02-01,-14.984702968519779,-13.122424125671387,9.11964524465209,-61.98753356933594,8.720224380493164,1.0,True,False,2019,2,2019-02,-10.596180989464957,-8.34803904157934
2019-03-01,-17.521299073000893,-17.52899932861328,6.134028057647033,-33.82123947143555,-0.14485695958137512,1.0,True,False,2019,3,2019-03,-10.05221887278668,-8.415437136097808
2019-04-01,-23.346946759092827,-22.78899574279785,6.318528959377582,-46.341793060302734,-4.067254543304443,1.0,True,False,2019,4,2019-04,-8.534230470889169,-8.482835230616274
2019-05-01,-21.436390795687,-20.207914352416992,7.156741601261058,-51.974037170410156,-2.9075939655303955,1.0,True,False,2019,5,2019-05,-9.750244960815138,-8.550233325134514
2019-06-01,-20.576278379443067,-18.94316291809082,8.513710720351105,-61.33088684082031,-3.728139877319336,1.0,True,False,2019,6,2019-06,-10.872776033112387,-8.61763141965298
2019-07-01,-15.469203738503793,-14.949125289916992,8.560316376481437,-50.807437896728516,5.068170070648193,1.0,True,False,2019,7,2019-07,-12.221380054470004,-8.685029514171447
2019-08-01,-4.61259770600392,-4.456485748291016,12.042250371140236,-29.642986297607422,18.00318145751953,1.0,True,False,2019,8,2019-08,-13.076936125258426,-8.752427608689914
2019-09-01,8.163641949983479,10.23453426361084,10.057685940859637,-37.60834503173828,21.00286865234375,1.0,True,False,2019,9,2019-09,-13.94745731517741,-8.819825703208153
2019-10-01,-1.5326483058493838,0.509675920009613,14.08539824221293,-66.8642578125,15.13436508178711,1.0,True,False,2019,10,2019-10,-14.583772277324721,-8.88722379772662
2019-11-01,-7.166181387565761,-5.006156921386719,14.983715681055997,-91.9195556640625,13.567538261413574,1.0,True,False,2019,11,2019-11,-14.695942260778713,-8.954621892245086
2019-12-01,-17.98096396902363,-15.402237892150879,18.638552262399966,-105.09161376953125,27.1445369720459,1.0,True,False,2019,12,2019-12,-15.28263384554925,-9.022019986763326
2020-01-01,-20.459662370394522,-18.87343978881836,10.611090127012114,-62.483001708984375,13.835986137390137,1.0,True,False,2020,1,2020-01,-15.65701140453019,-9.08941808128202
2020-02-01,-25.43095724754758,-26.6893310546875,8.70593099395737,-51.21092987060547,18.854984283447266,1.0,True,False,2020,2,2020-02,-16.14137502932302,-9.156816175800259
2020-03-01,-25.157078618768672,-25.746915817260742,6.048431121162135,-35.90696334838867,-1.1307497024536133,1.0,True,False,2020,3,2020-03,-16.658379283626292,-9.224214270318726
2020-04-01,-24.692986560540675,-26.171703338623047,8.61113697317739,-45.01507568359375,3.6152758598327637,1.0,True,False,2020,4,2020-04,-17.45764204017185,-9.291612364837192
2020-05-01,-28.476689812933483,-30.16862678527832,11.084275756953652,-74.08838653564453,12.165962219238281,1.0,True,False,2020,5,2020-05,-16.76230725072759,-9.359010459355432
2020-06-01,-25.06880908721435,-25.782917022705078,9.344729718046334,-70.15061950683594,4.254236698150635,1.0,True,False,2020,6,2020-06,-16.072672400803825,-9.426408553873898
2020-07-01,-21.281567236017732,-20.82563018798828,8.546724955366354,-48.12612533569336,1.3433830738067627,1.0,True,False,2020,7,2020-07,-15.754905073067983,-9.493806648392365
2020-08-01,-10.81664875764319,-7.068803787231445,14.08120989171027,-75.63516235351562,16.19297981262207,1.0,True,False,2020,8,2020-08,-15.548837170836542,-9.561204742910832
2020-09-01,-1.4275111285632667,1.9632909297943115,13.281105724146782,-63.32522964477539,18.74740219116211,1.0,True,False,2020,9,2020-09,-14.916786714935101,-9.62860283742907
2020-10-01,6.811369167481766,9.01717472076416,9.853204233915914,-49.09114074707031,19.7908992767334,1.0,True,False,2020,10,2020-10,-14.617834130590161,-9.696000931947538
2020-11-01,1.1094368115194175,0.41737526655197144,10.72596332118372,-46.611576080322266,20.555532455444336,1.0,True,False,2020,11,2020-11,-14.37286639432589,-9.763399026466004
2020-12-01,-14.167756036193516,-14.412622451782227,16.382645957925295,-107.61637878417969,21.179840087890625,1.0,True,False,2020,12,2020-12,-13.9220557006866,-9.830797120984244
2021-01-01,-17.986847543617234,-19.396404266357422,13.991889895285762,-78.90855407714844,30.05769920349121,1.0,True,False,2021,1,2021-01,-13.13378661060991,-9.898195215502938
2021-02-01,-17.846351776730305,-18.977943420410156,7.187134394799762,-37.195838928222656,11.246641159057617,1.0,True,False,2021,2,2021-02,-12.281736886008941,-9.965593310021177
2021-03-01,-21.569647606629367,-20.635929107666016,12.519989857937954,-87.95462799072266,10.71762466430664,1.0,True,False,2021,3,2021-03,-11.866450359588946,-10.032991404539644
2021-04-01,-21.75337372536942,-23.83512306213379,8.59696679689061,-57.27964401245117,7.7031025886535645,1.0,True,False,2021,4,2021-04,-11.409441841835088,-10.10038949905811
2021-05-01,-23.06696148926201,-21.6162109375,9.789086464716503,-70.9869384765625,-5.068124294281006,1.0,True,False,2021,5,2021-05,-10.997540590706544,-10.167787593576577
2021-06-01,-15.60958000629407,-14.933241844177246,5.601146617283714,-39.69424057006836,10.808753967285156,1.0,True,False,2021,6,2021-06,-10.732950015194817,-10.235185688094816
2021-07-01,-11.056970540806113,-9.716663360595703,9.223426501757958,-52.5637092590332,9.571569442749023,1.0,True,False,2021,7,2021-07,-10.15240534715933,-10.302583782613283
2021-08-01,-5.833210440603248,-1.5614347457885742,15.702774836345869,-83.7958755493164,15.532255172729492,1.0,True,False,2021,8,2021-08,-9.80505539753438,-10.36998187713175
2021-09-01,4.0565910844830455,10.13562297821045,20.436472561694757,-99.63970947265625,19.460437774658203,1.0,True,False,2021,9,2021-09,-9.399431689883624,-10.437379971649989
2021-10-01,11.7541841810243,16.906248092651367,16.9823135733803,-60.26693344116211,24.528301239013672,1.0,True,False,2021,10,2021-10,-8.90676447566018,-10.504778066168683
2021-11-01,4.284523717660117,6.292342185974121,15.64404324951768,-68.27366638183594,21.2855167388916,1.0,True,False,2021,11,2021-11,-8.60568582415904,-10.572176160686922
2021-12-01,-7.201220019767668,-6.068386077880859,15.701968129657677,-80.0508804321289,29.187849044799805,1.0,True,False,2021,12,2021-12,-7.739874608877613,-10.639574255205389
2022-01-01,-13.818648148117811,-12.989165306091309,15.454062899178306,-94.67913818359375,16.9962215423584,1.0,True,False,2022,1,2022-01,-7.150300977844161,-10.706972349723856
2022-02-01,-12.978867284921247,-12.431769371032715,12.101417782380725,-76.25494384765625,26.69282341003418,1.0,True,False,2022,2,2022-02,-6.667700898662403,-10.774370444242095
2022-03-01,-15.657641035948062,-14.753358840942383,8.723363586090297,-59.84897994995117,6.640237331390381,1.0,True,False,2022,3,2022-03,-6.02991777494212,-10.841768538760562
2022-04-01,-18.140429907355742,-17.606515884399414,7.617675634513862,-55.79487228393555,3.039140462875366,1.0,True,False,2022,4,2022-04,-5.619730593373364,-10.909166633279028
2022-05-01,-12.67722690588486,-10.9291353225708,10.12151791930083,-64.03839874267578,0.36143434047698975,1.0,True,False,2022,5,2022-05,-5.391014473544217,-10.976564727797495
2022-06-01,-8.534696433892643,-5.37071418762207,11.344622613838219,-61.438926696777344,3.2501220703125,1.0,True,False,2022,6,2022-06,-5.065707628462,-11.043962822315734
2022-07-01,-5.265769590625024,-2.112419605255127,13.732973859217054,-72.73333740234375,10.123762130737305,1.0,True,False,2022,7,2022-07,-4.5201960643470365,-11.111360916834201
2022-08-01,1.8201870440401666,7.81536340713501,21.1902817724955,-91.88860321044922,18.47869300842285,1.0,True,False,2022,8,2022-08,-3.9836525338617883,-11.178759011352668
2022-09-01,8.97883726330811,15.293598175048828,19.712549153179594,-79.93854522705078,26.134368896484375,1.0,True,False,2022,9,2022-09,-3.9510622146430205,-11.246157105870907
2022-10-01,14.498777618974058,21.190608978271484,22.611818517078024,-82.27388763427734,37.50220489501953,1.0,True,False,2022,10,2022-10,-4.29128883502123,-11.313555200389601
2022-11-01,8.188205858646702,11.191859245300293,11.728935048374119,-47.89873123168945,22.23695182800293,1.0,True,False,2022,11,2022-11,-4.542216679881907,-11.38095329490784
2022-12-01,-0.6550812503880944,3.9216818809509277,19.158538325976203,-98.96979522705078,32.03989028930664,1.0,True,False,2022,12,2022-12,-5.579946339588649,-11.448351389426307
2023-01-01,-7.380125782294832,-6.086850643157959,18.204872161986476,-118.71756744384766,26.652189254760742,1.0,True,False,2023,1,2023-01,-6.475298878438033,-11.515749483944774
2023-02-01,-12.58778345429604,-9.811935424804688,14.453614634693976,-82.51466369628906,20.040569305419922,1.0,True,False,2023,2,2023-02,-6.961148789602664,-11.58314757846324
2023-03-01,-19.74036048048657,-16.43243980407715,17.495488373300716,-107.20304870605469,17.263742446899414,1.0,True,False,2023,3,2023-03,-7.291210426331227,-11.65054567298148
2023-04-01,-21.151564045683866,-20.842580795288086,7.748487220297682,-58.88737869262695,-1.6434160470962524,1.0,True,False,2023,4,2023-04,-7.635758345156863,-11.717943767499946
2023-05-01,-25.12998282236577,-23.750732421875,13.23519192519378,-94.58662414550781,-3.8018596172332764,1.0,True,False,2023,5,2023-05,-7.505898714392615,-11.785341862018413
2023-06-01,-19.27892690008525,-17.940776824951172,13.369150686958331,-96.64561462402344,1.3613431453704834,1.0,True,False,2023,6,2023-06,-7.395346364478126,-11.852739956536652
2023-07-01,-11.095968524600593,-8.25200366973877,11.137655640529733,-68.02629089355469,4.63462495803833,1.0,True,False,2023,7,2023-07,-7.6205366971092525,-11.920138051055346
2023-08-01,-2.1405525967025896,1.4879982471466064,15.064064333273105,-68.2701416015625,14.787238121032715,1.0,True,False,2023,8,2023-08,-8.038845864083713,-11.987536145573586
2023-09-01,4.844262237400463,9.092972755432129,17.186213189503853,-72.56246185302734,23.210206985473633,1.0,True,False,2023,9,2023-09,-8.312963309460146,-12.054934240092052
2023-10-01,16.057093188145053,22.114057540893555,15.661114424138377,-48.90087890625,27.318262100219727,1.0,True,False,2023,10,2023-10,-8.225753317230811,-12.122332334610519
2023-11-01,9.514834057620568,15.771451950073242,18.79783447769547,-92.30512237548828,24.206153869628906,1.0,True,False,2023,11,2023-11,-8.850079833107133,-12.189730429128758
2023-12-01,-3.3573652419616105,2.2673046588897705,24.25602048157105,-133.67434692382812,29.589126586914062,1.0,True,False,2023,12,2023-12,-9.02576547164292,-12.257128523647225
2024-01-01,-12.399835785988357,-9.307464599609375,19.891273441199544,-117.503173828125,27.808589935302734,1.0,True,False,2024,1,2024-01,-8.953690133306877,-12.324526618165692
2024-02-01,-15.877192798813242,-12.807942390441895,13.665753271217953,-79.3891830444336,15.402231216430664,1.0,True,False,2024,2,2024-02,-9.09779363514894,-12.391924712684158
2024-03-01,-18.693840573734555,-16.307735443115234,12.99044943031294,-88.08104705810547,9.965003967285156,1.0,True,False,2024,3,2024-03,-9.0183517535249,-12.459322807202398
2024-04-01,-28.643482236199716,-26.658628463745117,15.922072865591959,-126.57357788085938,-2.2280590534210205,1.0,True,False,2024,4,2024-04,-8.441049282516326,-12.526720901720864
2024-05-01,-27.238210484795218,-25.969335556030273,12.993569572605917,-102.45015716552734,0.7348232865333557,1.0,True,False,2024,5,2024-05,-8.499627080418032,-12.594118996239331
2024-06-01,-18.414022840052713,-12.87314510345459,16.846312305669258,-110.91859436035156,11.111129760742188,1.0,True,False,2024,6,2024-06,-10.137305365694267,-12.66151709075757
2024-07-01,-12.825210546705382,-7.815534591674805,19.924583780770487,-127.99958038330078,5.332367420196533,1.0,True,False,2024,7,2024-07,-10.815299378067534,-12.728915185276264
2024-08-01,-1.1872500172140974,5.450595378875732,25.36365251464234,-126.57167053222656,23.617046356201172,1.0,True,False,2024,8,2024-08,-10.639239777187443,-12.796313279794504
2024-09-01,11.771891889503353,17.793174743652344,23.798781672400665,-94.67401123046875,41.836002349853516,1.0,True,False,2024,9,2024-09,-9.984495649484218,-12.86371137431297
2024-10-01,15.354159613324574,21.826887130737305,21.499502800446024,-77.83135986328125,37.711849212646484,1.0,True,False,2024,10,2024-10,-8.740303517448455,-12.931109468831437
